{
  "_id": "8f0c05a1-561b-4bce-a44e-ceac4819a0e4",
  "aiPersonaId": "47c17da7-e679-40da-b6ab-7552152bb460",
  "code": "const main = () => {\n    let csvString = input.data;\n    let records = parse(csvString, { columns: true });\n\n    let results = records.map(row => {\n        let debt = parseFloat(row[\"Debt (USD)\"]);\n        let equity = parseFloat(row[\"Equity (USD)\"]);\n        let ebit = parseFloat(row[\"EBIT (USD)\"]);  // Assume EBIT as Net Income\n\n        let debtToEquity = equity > 0 ? (debt / equity).toFixed(2) : \"N/A\";\n        let returnOnEquity = equity > 0 ? ((ebit / equity) * 100).toFixed(2) + \"%\" : \"N/A\";\n\n        return {\n            \"Company Name\": row[\"Company Name\"],\n            \"Debt-to-Equity Ratio\": debtToEquity,\n            \"Return on Equity (ROE)\": returnOnEquity\n        };\n    });\n\n    console.log(\"Financial Ratios Calculation:\");\n    console.table(results);\n}\n\n\n\nmain()\n\n/*\n * Output\n * {\n *   \"result\": 3\n * }\n*/\n\n",
  "name": "Ratio calculation",
  "status": "Active"
}