{
  "_id": "47c17da7-e679-40da-b6ab-7552152bb460",
  "inferenceEngine": {
    "modelId": "4cf651d9-edf3-455f-a22e-53cc67fcc07b"
  },
  "integrationId": "debt-equity-optimization-assistant-7618",
  "integrations": {},
  "intentClassification": {
    "modelId": "4cf651d9-edf3-455f-a22e-53cc67fcc07b"
  },
  "name": "Debt Equity Optimization Assistant",
  "publisherAccountId": "4e10701a-7dbc-4ecc-ab7d-f2476beae42f",
  "status": "Active",
  "useAsChatbot": true,
  "variables": {
    "secrets": [],
    "agent": [
      "balancesheet",
      "debtequityratio",
      "totalAssets",
      "response"
    ]
  },
  "miniAgentIds": [
    "23703efb-d694-4deb-ad67-c50cedaf5d2d",
    "72219c53-ecee-4d8f-b2da-6a21e3a4afea",
    "6650cbf3-56e5-4902-b43b-b9a652e21916"
  ],
  "piiMaskingPatterns": [
    {
      "_id": "d2b3ec3b-5a8b-4367-b7d6-4940c8985bbf",
      "type": "EntityRecognizer",
      "name": "Address",
      "entityRecognizerId": "a6412cdc-664c-4795-b652-cd3d93659da3",
      "enabled": true
    }
  ],
  "miniAgents": [
    {
      "_id": "6650cbf3-56e5-4902-b43b-b9a652e21916",
      "integrationId": "strategy-recommendations-5317",
      "intents": [
        {
          "_id": "optimize-debt-equity-ratio-5317",
          "name": "Optimize Debt-Equity Ratio",
          "description": "Provides recommendations on how to adjust the debt-equity ratio to optimize financial performance and meet strategic objectives.",
          "examples": [
            "How can we optimize our debt-equity ratio?",
            "What strategies can we use to improve our financial leverage?",
            "Can you suggest ways to balance our debt and equity?"
          ],
          "flowType": "Workflow",
          "workflowId": "9e08788a-c89d-46a7-a5f9-b9025531e6e3"
        },
        {
          "_id": "capital-structure-planning-5317",
          "name": "Capital Structure Planning",
          "description": "Advises on planning the capital structure to align with long-term business goals and market conditions.",
          "examples": [
            "What is the best capital structure for our growth plans?",
            "How should we adjust our capital structure in response to market changes?",
            "Can you help us plan our capital structure for the next fiscal year?"
          ],
          "flowType": "Workflow",
          "workflowId": "651b22ce-b564-4da8-be58-7bfbabd2a816"
        }
      ],
      "name": "Strategy Recommendations",
      "scope": "Handles queries related to providing strategic recommendations for optimizing the debt-equity ratio to achieve financial goals and improve company valuation.",
      "miniAgentId": "6650cbf3-56e5-4902-b43b-b9a652e21916"
    },
    {
      "_id": "72219c53-ecee-4d8f-b2da-6a21e3a4afea",
      "integrationId": "risk-assessment-2886",
      "intents": [
        {
          "_id": "evaluate-financial-risk-2886",
          "name": "Evaluate Financial Risk",
          "description": "Assesses the financial risks involved with current or proposed debt-equity structures, including interest rate risk and credit risk.",
          "examples": [
            "What are the risks of increasing our debt levels?",
            "How does our current debt structure affect our financial stability?",
            "Can you assess the credit risk of our current loans?"
          ],
          "flowType": "Workflow",
          "workflowId": "ca6c0116-675c-4913-8622-7a35adcfb5e6"
        },
        {
          "_id": "scenario-analysis-2886",
          "name": "Scenario Analysis",
          "description": "Conducts scenario analysis to predict the impact of different debt-equity strategies on the company's financial health.",
          "examples": [
            "What happens if we increase our equity by 10%?",
            "How would a change in interest rates affect our debt strategy?",
            "Can you simulate the impact of reducing our debt by half?"
          ],
          "flowType": "Workflow",
          "workflowId": "55da93bf-5696-4772-9fdf-14efd180e1fd"
        }
      ],
      "name": "Risk Assessment",
      "scope": "Handles queries related to evaluating financial risks associated with different debt-equity structures and potential impacts on the company's financial stability.",
      "miniAgentId": "72219c53-ecee-4d8f-b2da-6a21e3a4afea"
    },
    {
      "_id": "23703efb-d694-4deb-ad67-c50cedaf5d2d",
      "integrationId": "financial-analysis-0289",
      "intents": [
        {
          "_id": "calculate-financial-ratios-0289",
          "name": "Calculate Financial Ratios",
          "description": "Assists users in calculating and interpreting key financial ratios such as debt-to-equity ratio, current ratio, and return on equity.",
          "examples": [
            "What is the current debt-to-equity ratio of my company?",
            "Can you calculate the return on equity for this quarter?",
            "How do I find the current ratio from my financial statements?"
          ],
          "flowType": "Workflow",
          "workflowId": "312b7c5e-3094-46df-a513-4dd050605c0a"
        },
        {
          "_id": "analyze-financial-statements-0289",
          "name": "Analyze Financial Statements",
          "description": "Provides insights and analysis on financial statements to understand the financial health and performance of a company.",
          "examples": [
            "Can you analyze my company's balance sheet?",
            "What does the income statement say about our profitability?",
            "Help me understand the cash flow statement."
          ],
          "flowType": "Workflow",
          "workflowId": "1915d969-e88f-4ade-a698-83a83544a94c"
        }
      ],
      "name": "Financial Analysis",
      "scope": "Handles queries related to analyzing financial statements, calculating key financial ratios, and assessing the current debt-equity position of a company.",
      "miniAgentId": "23703efb-d694-4deb-ad67-c50cedaf5d2d"
    }
  ],
  "rags": [],
  "intentWorkflows": [
    {
      "_id": "1915d969-e88f-4ade-a698-83a83544a94c",
      "integrationId": "analyze-financial-statements-0693",
      "name": "Workflow for Analyze Financial Statements"
    },
    {
      "_id": "312b7c5e-3094-46df-a513-4dd050605c0a",
      "integrationId": "calculate-financial-ratios-0693",
      "name": "Workflow for Calculate Financial Ratios"
    },
    {
      "_id": "55da93bf-5696-4772-9fdf-14efd180e1fd",
      "integrationId": "scenario-analysis-3044",
      "name": "Workflow for Scenario Analysis"
    },
    {
      "_id": "651b22ce-b564-4da8-be58-7bfbabd2a816",
      "integrationId": "capital-structure-planning-5607",
      "name": "Workflow for Capital Structure Planning"
    },
    {
      "_id": "9e08788a-c89d-46a7-a5f9-b9025531e6e3",
      "integrationId": "optimize-debt-equity-ratio-5606",
      "name": "Workflow for Optimize Debt-Equity Ratio"
    },
    {
      "_id": "ca6c0116-675c-4913-8622-7a35adcfb5e6",
      "integrationId": "evaluate-financial-risk-3044",
      "name": "Workflow for Evaluate Financial Risk"
    }
  ]
}