{"data":[{"_id":"a18f6fc6-8678-49a7-9ff8-02ec30a4a850","Company Name":"ExampleCorp","Debt (USD)":"5000000","Equity (USD)":"2000000","Interest Rate (%)":"5.5","Credit Score":"720","EBIT (USD)":"800000","Interest Expense (USD)":"200000","Industry":"Tech"},{"_id":"494d12ed-45b7-4efc-a83a-0f161ab6bfd5","Company Name":"FinTech Inc","Debt (USD)":"12000000","Equity (USD)":"6000000","Interest Rate (%)":"4.8","Credit Score":"650","EBIT (USD)":"1500000","Interest Expense (USD)":"400000","Industry":"Finance"},{"_id":"3158c6f4-1d1c-491e-9635-0f67a0dc71a8","Company Name":"AutoMotive Ltd","Debt (USD)":"8000000","Equity (USD)":"5000000","Interest Rate (%)":"6.2","Credit Score":"580","EBIT (USD)":"900000","Interest Expense (USD)":"350000","Industry":"Automotive"},{"_id":"c8c1db32-d3a0-4fce-a105-49eef2544649","Company Name":"RetailWorks","Debt (USD)":"3000000","Equity (USD)":"2500000","Interest Rate (%)":"5.0","Credit Score":"700","EBIT (USD)":"600000","Interest Expense (USD)":"150000","Industry":"Retail"}]}