{
  "_id": "1915d969-e88f-4ade-a698-83a83544a94c",
  "aiPersonaId": "47c17da7-e679-40da-b6ab-7552152bb460",
  "integrationId": "analyze-financial-statements-0693",
  "name": "Workflow for Analyze Financial Statements",
  "publisherAccountId": "4e10701a-7dbc-4ecc-ab7d-f2476beae42f",
  "startTaskId": "1c3708db-ae56-40e6-a692-277cfcdd0d1a",
  "status": "Active",
  "tasks": [
    {
      "_id": "1c3708db-ae56-40e6-a692-277cfcdd0d1a",
      "transitions": [],
      "type": "Display",
      "config": {
        "name": "Display",
        "description": "Display the response to the user",
        "type": "text",
        "text": "Hi there! Intent $input.intent has been matched"
      }
    }
  ],
  "type": "Conversational",
  "version": "latest"
}