{
  "_id": "312b7c5e-3094-46df-a513-4dd050605c0a",
  "aiPersonaId": "47c17da7-e679-40da-b6ab-7552152bb460",
  "integrationId": "calculate-financial-ratios-0693",
  "name": "Workflow for Calculate Financial Ratios",
  "publisherAccountId": "4e10701a-7dbc-4ecc-ab7d-f2476beae42f",
  "startTaskId": "1743143387522",
  "status": "Active",
  "tasks": [
    {
      "_id": "4f63c013-202c-49bf-b583-339f24964ba0",
      "type": "Display",
      "config": {
        "description": "Display the response to the user",
        "name": "Display",
        "type": "text",
        "text": "$input.result",
        "formatVariables": [],
        "rawText": "$input.result"
      },
      "transitions": []
    },
    {
      "_id": "1743143387522",
      "type": "CollectionRead",
      "config": {
        "description": "Read data from table",
        "name": "Table Read",
        "collectionConfigId": "f79a84e5-89ce-44df-b121-11c68938d130",
        "filters": "",
        "projections": ""
      },
      "transitions": [
        {
          "name": "Default",
          "_id": "1743143387522-1743143401096",
          "nextTask": "1743143401096"
        }
      ]
    },
    {
      "_id": "1743143401096",
      "type": "JSFunction",
      "config": {
        "description": "Execute JavaScript code",
        "name": "JavaScript",
        "snippetId": "8f0c05a1-561b-4bce-a44e-ceac4819a0e4"
      },
      "transitions": [
        {
          "name": "Default",
          "_id": "1743143401096-4f63c013-202c-49bf-b583-339f24964ba0",
          "nextTask": "4f63c013-202c-49bf-b583-339f24964ba0"
        }
      ],
      "globalVariables": []
    }
  ],
  "type": "Conversational",
  "version": "latest",
  "reactflow": {
    "viewport": {
      "x": 96,
      "y": 69,
      "zoom": 1
    },
    "nodes": [
      {
        "id": "0",
        "type": "Start",
        "position": {
          "x": 295,
          "y": 352
        },
        "data": {},
        "deletable": false,
        "measured": {
          "width": 320,
          "height": 177
        },
        "selected": false
      },
      {
        "position": {
          "x": 840,
          "y": 400
        },
        "type": "Display",
        "id": "4f63c013-202c-49bf-b583-339f24964ba0",
        "data": {},
        "measured": {
          "width": 299,
          "height": 79
        },
        "selected": false
      },
      {
        "position": {
          "x": 720,
          "y": 225
        },
        "type": "CollectionRead",
        "id": "1743143387522",
        "data": {},
        "measured": {
          "width": 260,
          "height": 79
        },
        "selected": false
      },
      {
        "position": {
          "x": 1120,
          "y": 225
        },
        "type": "JSFunction",
        "id": "1743143401096",
        "data": {},
        "selected": false,
        "measured": {
          "width": 260,
          "height": 79
        }
      }
    ],
    "edges": [
      {
        "id": "0-1743143387522",
        "type": "Start",
        "source": "0",
        "target": "1743143387522",
        "markerEnd": {
          "type": "arrowclosed",
          "width": 22,
          "height": 22
        },
        "sourceHandle": "0-source-1",
        "targetHandle": "1743143387522-target-1",
        "selected": false
      },
      {
        "type": "Transition",
        "id": "1743143387522-1743143401096",
        "source": "1743143387522",
        "target": "1743143401096",
        "selected": false
      },
      {
        "type": "Transition",
        "id": "1743143401096-4f63c013-202c-49bf-b583-339f24964ba0",
        "source": "1743143401096",
        "target": "4f63c013-202c-49bf-b583-339f24964ba0",
        "markerEnd": {
          "type": "arrowclosed",
          "width": 22,
          "height": 22
        },
        "sourceHandle": "1743143401096-source-3",
        "targetHandle": "4f63c013-202c-49bf-b583-339f24964ba0-target-2",
        "selected": false
      }
    ]
  }
}