{
  "_id": "651b22ce-b564-4da8-be58-7bfbabd2a816",
  "aiPersonaId": "47c17da7-e679-40da-b6ab-7552152bb460",
  "integrationId": "capital-structure-planning-5607",
  "name": "Workflow for Capital Structure Planning",
  "publisherAccountId": "4e10701a-7dbc-4ecc-ab7d-f2476beae42f",
  "startTaskId": "921ee817-9ba8-42d8-9058-233dc8919d7c",
  "status": "Active",
  "tasks": [
    {
      "_id": "921ee817-9ba8-42d8-9058-233dc8919d7c",
      "type": "Display",
      "config": {
        "description": "Display the response to the user",
        "name": "Display",
        "type": "text",
        "text": "<p>Hi there! Intent $input.intent has been matchedjhbvjhjhv</p>",
        "formatVariables": [],
        "rawText": "Hi there! Intent $input.intent has been matchedjhbvjhjhv"
      },
      "transitions": []
    },
    {
      "_id": "1743161742948",
      "type": "CollectionRead",
      "config": {
        "name": "Table Read",
        "description": "Read data from table",
        "collectionConfigId": "d88a6ccf-4b82-49bb-93c5-11f3f3207ef2",
        "filters": "",
        "projections": ""
      },
      "transitions": []
    }
  ],
  "type": "Conversational",
  "version": "latest",
  "reactflow": {
    "viewport": {
      "x": -679.2659085723205,
      "y": -505.85773028053904,
      "zoom": 2
    },
    "nodes": [
      {
        "id": "0",
        "type": "Start",
        "position": {
          "x": 360,
          "y": 400
        },
        "data": {},
        "deletable": false,
        "measured": {
          "width": 320,
          "height": 177
        },
        "selected": false
      },
      {
        "position": {
          "x": 840,
          "y": 400
        },
        "type": "Display",
        "id": "921ee817-9ba8-42d8-9058-233dc8919d7c",
        "data": {},
        "measured": {
          "width": 299,
          "height": 79
        },
        "selected": false
      },
      {
        "id": "1743161742948",
        "type": "CollectionRead",
        "position": {
          "x": 915,
          "y": 705
        },
        "data": {},
        "measured": {
          "width": 260,
          "height": 79
        },
        "selected": false
      }
    ],
    "edges": [
      {
        "id": "0-0",
        "type": "Start",
        "source": "0",
        "target": "921ee817-9ba8-42d8-9058-233dc8919d7c",
        "sourceHandle": "0-source-1",
        "selected": false
      }
    ]
  }
}