{
  "_id": "ca6c0116-675c-4913-8622-7a35adcfb5e6",
  "aiPersonaId": "47c17da7-e679-40da-b6ab-7552152bb460",
  "integrationId": "evaluate-financial-risk-3044",
  "name": "Workflow for Evaluate Financial Risk",
  "publisherAccountId": "4e10701a-7dbc-4ecc-ab7d-f2476beae42f",
  "startTaskId": "1743142944041",
  "status": "Active",
  "tasks": [
    {
      "_id": "b1ffeccd-fe41-4682-a551-65d21ce62530",
      "type": "Display",
      "config": {
        "description": "Display the response to the user",
        "name": "Display",
        "type": "text",
        "text": "<p><span class=\"text-inherit p-0 m-0 text-primary-dark bg-primary-light/80\" data-type=\"mention\" data-id=\"agent.totalAssets\">$agent.totalAssets</span>   <span class=\"text-inherit p-0 m-0 text-primary-dark bg-primary-light/80\" data-type=\"mention\" data-id=\"agent.response\">$agent.response</span> </p>",
        "formatVariables": [],
        "rawText": "$agent.totalAssets   $agent.response"
      },
      "transitions": []
    },
    {
      "_id": "1743142944041",
      "type": "CollectionRead",
      "config": {
        "description": "Read data from table",
        "name": "Table Read",
        "collectionConfigId": "f79a84e5-89ce-44df-b121-11c68938d130",
        "filters": "",
        "projections": ""
      },
      "transitions": [
        {
          "name": "Default",
          "_id": "1743142944041-1743143111099",
          "nextTask": "1743143111099"
        }
      ]
    },
    {
      "_id": "1743143111099",
      "type": "Prompt",
      "config": {
        "description": "Prompt for LLM",
        "name": "Prompt",
        "modelId": "09c3dc0d-4409-4229-b1ff-99b34a3e2e64",
        "base64DocumentData": "",
        "documentIds": "",
        "responseFormat": "text",
        "query": "Give risk assessment from data $input.data",
        "systemPrompt": "You are a Risk assessment agent that calculates risk based on the give n data",
        "temperature": null
      },
      "transitions": [
        {
          "name": "Default",
          "_id": "1743143111099-1743162388357",
          "nextTask": "1743162388357"
        }
      ],
      "globalVariables": [
        {
          "name": "response",
          "referencePath": "$output.content"
        }
      ]
    },
    {
      "_id": "1743162388357",
      "type": "RAGQuery",
      "config": {
        "description": "Query RAG",
        "name": "RAG Query",
        "ragContainerId": "69a9d1d0-eb5a-423f-a0dd-e5c6570eed39",
        "systemPrompt": "give total assets",
        "responseFormat": "text",
        "query": "give total assets",
        "temperature": null
      },
      "transitions": [
        {
          "name": "Default",
          "_id": "1743162388357-b1ffeccd-fe41-4682-a551-65d21ce62530",
          "nextTask": "b1ffeccd-fe41-4682-a551-65d21ce62530"
        }
      ],
      "globalVariables": [
        {
          "name": "totalAssets",
          "referencePath": "$output.content"
        }
      ]
    }
  ],
  "type": "Conversational",
  "version": "latest",
  "reactflow": {
    "viewport": {
      "x": 394,
      "y": 138,
      "zoom": 1
    },
    "nodes": [
      {
        "id": "0",
        "type": "Start",
        "position": {
          "x": 319,
          "y": 356
        },
        "data": {},
        "deletable": false,
        "measured": {
          "width": 320,
          "height": 177
        },
        "selected": false
      },
      {
        "position": {
          "x": 840,
          "y": 400
        },
        "type": "Display",
        "id": "b1ffeccd-fe41-4682-a551-65d21ce62530",
        "data": {},
        "measured": {
          "width": 299,
          "height": 79
        },
        "selected": false
      },
      {
        "position": {
          "x": 675,
          "y": 240
        },
        "type": "CollectionRead",
        "id": "1743142944041",
        "data": {},
        "measured": {
          "width": 260,
          "height": 79
        },
        "selected": false
      },
      {
        "position": {
          "x": 1075,
          "y": 240
        },
        "type": "Prompt",
        "id": "1743143111099",
        "data": {},
        "selected": false,
        "measured": {
          "width": 260,
          "height": 79
        }
      },
      {
        "position": {
          "x": 1429,
          "y": 337
        },
        "type": "RAGQuery",
        "id": "1743162388357",
        "data": {},
        "measured": {
          "width": 260,
          "height": 79
        },
        "selected": false,
        "dragging": false
      }
    ],
    "edges": [
      {
        "id": "0-1743142944041",
        "type": "Start",
        "source": "0",
        "target": "1743142944041",
        "markerEnd": {
          "type": "arrowclosed",
          "width": 22,
          "height": 22
        },
        "sourceHandle": "0-source-1",
        "targetHandle": "1743142944041-target-1",
        "selected": false
      },
      {
        "type": "Transition",
        "id": "1743142944041-1743143111099",
        "source": "1743142944041",
        "target": "1743143111099",
        "selected": false
      },
      {
        "type": "Transition",
        "id": "1743143111099-1743162388357",
        "source": "1743143111099",
        "target": "1743162388357",
        "markerEnd": {
          "type": "arrowclosed",
          "width": 22,
          "height": 22
        },
        "sourceHandle": "1743143111099-source-1",
        "targetHandle": "1743162388357-target-1",
        "selected": false
      },
      {
        "type": "Transition",
        "id": "1743162388357-b1ffeccd-fe41-4682-a551-65d21ce62530",
        "source": "1743162388357",
        "target": "b1ffeccd-fe41-4682-a551-65d21ce62530",
        "markerEnd": {
          "type": "arrowclosed",
          "width": 22,
          "height": 22
        },
        "sourceHandle": "1743162388357-source-1",
        "targetHandle": "b1ffeccd-fe41-4682-a551-65d21ce62530-target-1",
        "selected": false
      }
    ]
  }
}