{
  "_id": "c26518e3-733c-49c1-8d5f-9104b3e59bc5",
  "aiPersonaId": "47c17da7-e679-40da-b6ab-7552152bb460",
  "integrationId": "ma-financial-analysis-0289-primary-workflow-for-financial-analysis",
  "isMiniAgentPrimaryWorkflow": true,
  "name": "Primary Workflow for Financial Analysis",
  "publisherAccountId": "4e10701a-7dbc-4ecc-ab7d-f2476beae42f",
  "startTaskId": "e068ee59-17bb-46f3-b5b6-1c97390268c9",
  "status": "Active",
  "tasks": [
    {
      "_id": "e068ee59-17bb-46f3-b5b6-1c97390268c9",
      "type": "PassThrough",
      "config": {
        "name": "Pass Through",
        "description": "Pass through the input to the output"
      },
      "transitions": [
        {
          "_id": "2b0fd054-cdd6-44a6-bf6d-e5c76948ff23-e068ee59-17bb-46f3-b5b6-1c97390268c9",
          "nextTask": "2b0fd054-cdd6-44a6-bf6d-e5c76948ff23",
          "name": "If query doesnt exists",
          "rules": [
            {
              "type": "any",
              "operator": "notExists",
              "path": "$output.query"
            }
          ]
        },
        {
          "_id": "3deec670-7e37-452a-86e9-1eda658e58fb-e068ee59-17bb-46f3-b5b6-1c97390268c9",
          "nextTask": "3deec670-7e37-452a-86e9-1eda658e58fb",
          "name": "If intents are already classified",
          "rules": [
            {
              "type": "any",
              "operator": "exists",
              "path": "$output.intents"
            },
            {
              "type": "any",
              "operator": "exists",
              "path": "$output.query"
            }
          ]
        },
        {
          "_id": "e068ee59-17bb-46f3-b5b6-1c97390268c9-3cd4f721-f56f-42dc-8e93-b2c084c1f880",
          "name": "If query exists",
          "nextTask": "3cd4f721-f56f-42dc-8e93-b2c084c1f880",
          "rules": [
            {
              "type": "any",
              "operator": "exists",
              "path": "$output.query"
            },
            {
              "type": "any",
              "operator": "notExists",
              "path": "$output.intents"
            }
          ]
        }
      ],
      "globalVariables": [
        {
          "name": "query",
          "referencePath": "$input.query"
        },
        {
          "name": "rawQuery",
          "referencePath": "$input.rawQuery"
        },
        {
          "name": "conversationId",
          "referencePath": "$input.conversationId"
        }
      ]
    },
    {
      "_id": "2b0fd054-cdd6-44a6-bf6d-e5c76948ff23",
      "type": "Input",
      "config": {
        "name": "User Input",
        "description": "Get user input",
        "type": "string"
      },
      "transitions": [
        {
          "_id": "2b0fd054-cdd6-44a6-bf6d-e5c76948ff23-3cd4f721-f56f-42dc-8e93-b2c084c1f880",
          "name": "Default",
          "nextTask": "3cd4f721-f56f-42dc-8e93-b2c084c1f880"
        }
      ],
      "globalVariables": [
        {
          "name": "query",
          "referencePath": "$output.userInput"
        },
        {
          "name": "rawQuery",
          "referencePath": "$output.userInput"
        },
        {
          "name": "selfLoopMiniAgent",
          "referencePath": "true"
        }
      ]
    },
    {
      "_id": "3cd4f721-f56f-42dc-8e93-b2c084c1f880",
      "type": "Loader",
      "config": {
        "name": "Loader",
        "description": "Display loader message",
        "type": "loader",
        "text": "Just a moment... identifying the best approach to assist you."
      },
      "transitions": [
        {
          "_id": "3cd4f721-f56f-42dc-8e93-b2c084c1f880-38ddb650-57ed-4a6e-bc72-2400aed55b47",
          "name": "Default",
          "nextTask": "38ddb650-57ed-4a6e-bc72-2400aed55b47"
        }
      ]
    },
    {
      "_id": "38ddb650-57ed-4a6e-bc72-2400aed55b47",
      "type": "IntentClassification",
      "config": {
        "name": "Intent Classification",
        "description": "Classify the intent of the user message",
        "modelId": "4cf651d9-edf3-455f-a22e-53cc67fcc07b",
        "intents": [
          {
            "name": "Calculate Financial Ratios",
            "description": "Assists users in calculating and interpreting key financial ratios such as debt-to-equity ratio, current ratio, and return on equity.",
            "examples": [
              "What is the current debt-to-equity ratio of my company?",
              "Can you calculate the return on equity for this quarter?",
              "How do I find the current ratio from my financial statements?"
            ]
          },
          {
            "name": "Analyze Financial Statements",
            "description": "Provides insights and analysis on financial statements to understand the financial health and performance of a company.",
            "examples": [
              "Can you analyze my company's balance sheet?",
              "What does the income statement say about our profitability?",
              "Help me understand the cash flow statement."
            ]
          }
        ],
        "query": "$agent.query"
      },
      "transitions": [
        {
          "_id": "38ddb650-57ed-4a6e-bc72-2400aed55b47-3deec670-7e37-452a-86e9-1eda658e58fb",
          "name": "If Intent is Matched",
          "rules": [
            {
              "type": "string",
              "operator": "equal",
              "path": "$output.intentMatched",
              "value": "true"
            }
          ],
          "nextTask": "3deec670-7e37-452a-86e9-1eda658e58fb"
        },
        {
          "_id": "38ddb650-57ed-4a6e-bc72-2400aed55b47-d63f0de4-f2d7-4e49-b219-f70422552ed2",
          "name": "If No Intent is Matched",
          "rules": [
            {
              "type": "string",
              "operator": "equal",
              "path": "$output.intentMatched",
              "value": "false"
            }
          ],
          "nextTask": "d63f0de4-f2d7-4e49-b219-f70422552ed2"
        }
      ]
    },
    {
      "_id": "3deec670-7e37-452a-86e9-1eda658e58fb",
      "type": "JSFunction",
      "config": {
        "name": "JS Function",
        "description": "Execute JS function",
        "code": "\nconst main = () => {\n    const currentExecutionId = _id;\n    const intents = agent?.icIntents?.[currentExecutionId] || input.intents;\n    const currentIndex = agent?.icLoopIndexes?.[currentExecutionId] || 0;\n    const currentIntent = intents[currentIndex] || {};\n    const { intent, task } = currentIntent;\n    const state = currentIndex === intents.length ? 'end' : 'continue'\n    const icLoopIndexes = { ...(agent?.icLoopIndexes || {}), [_id]: state === 'end' ? undefined : currentIndex + 1 };\n    const icIntents = { ...(agent?.icIntents || {}), [_id]: state === 'end' ? undefined : intents };\n    return { ...input, intent, state: currentIndex === intents.length ? 'end' : 'continue', icLoopIndexes, icIntents, query: task };\n};\n\nmain()\n"
      },
      "globalVariables": [
        {
          "referencePath": "$output.icLoopIndexes",
          "name": "icLoopIndexes"
        },
        {
          "referencePath": "$output.icIntents",
          "name": "icIntents"
        }
      ],
      "transitions": [
        {
          "_id": "3deec670-7e37-452a-86e9-1eda658e58fb-3a83a04e-4a20-4ff4-a732-4e7a84fb24a8",
          "name": "If Intent is Matched",
          "rules": [
            {
              "type": "string",
              "operator": "equal",
              "path": "$output.intent",
              "value": "Calculate Financial Ratios"
            }
          ],
          "nextTask": "3a83a04e-4a20-4ff4-a732-4e7a84fb24a8"
        },
        {
          "_id": "3deec670-7e37-452a-86e9-1eda658e58fb-2a47d84a-f286-4bd7-8502-5b679f0cf816",
          "name": "If Intent is Matched",
          "rules": [
            {
              "type": "string",
              "operator": "equal",
              "path": "$output.intent",
              "value": "Analyze Financial Statements"
            }
          ],
          "nextTask": "2a47d84a-f286-4bd7-8502-5b679f0cf816"
        },
        {
          "_id": "3deec670-7e37-452a-86e9-1eda658e58fb-2b0fd054-cdd6-44a6-bf6d-e5c76948ff23",
          "name": "If Self Loop",
          "rules": [
            {
              "type": "string",
              "operator": "equal",
              "path": "$agent.selfLoopMiniAgent",
              "value": "true"
            },
            {
              "type": "string",
              "operator": "equal",
              "path": "$output.state",
              "value": "end"
            }
          ],
          "nextTask": "2b0fd054-cdd6-44a6-bf6d-e5c76948ff23"
        }
      ]
    },
    {
      "_id": "3a83a04e-4a20-4ff4-a732-4e7a84fb24a8",
      "type": "Workflow",
      "config": {
        "name": "Intent - Calculate Financial Ratios",
        "description": "Workflow for intent - Calculate Financial Ratios",
        "workflowId": "312b7c5e-3094-46df-a513-4dd050605c0a"
      },
      "transitions": [
        {
          "_id": "3a83a04e-4a20-4ff4-a732-4e7a84fb24a8-3deec670-7e37-452a-86e9-1eda658e58fb",
          "name": "Mini agent execution completed",
          "nextTask": "3deec670-7e37-452a-86e9-1eda658e58fb"
        }
      ]
    },
    {
      "_id": "2a47d84a-f286-4bd7-8502-5b679f0cf816",
      "type": "Workflow",
      "config": {
        "name": "Intent - Analyze Financial Statements",
        "description": "Workflow for intent - Analyze Financial Statements",
        "workflowId": "1915d969-e88f-4ade-a698-83a83544a94c"
      },
      "transitions": [
        {
          "_id": "2a47d84a-f286-4bd7-8502-5b679f0cf816-3deec670-7e37-452a-86e9-1eda658e58fb",
          "name": "Mini agent execution completed",
          "nextTask": "3deec670-7e37-452a-86e9-1eda658e58fb"
        }
      ]
    },
    {
      "_id": "d63f0de4-f2d7-4e49-b219-f70422552ed2",
      "transitions": [
        {
          "_id": "d63f0de4-f2d7-4e49-b219-f70422552ed2-2b0fd054-cdd6-44a6-bf6d-e5c76948ff23",
          "name": "If Self Loop",
          "rules": [
            {
              "type": "string",
              "operator": "equal",
              "path": "$agent.selfLoopMiniAgent",
              "value": "true"
            }
          ],
          "nextTask": "2b0fd054-cdd6-44a6-bf6d-e5c76948ff23"
        }
      ],
      "type": "Output",
      "config": {
        "name": "Output",
        "description": "Output the response to the user",
        "type": "external",
        "text": "Unable to complete task $agent.query"
      }
    },
    {
      "_id": "4d2dcedb-60a9-4cd5-982a-88bae480a9fd",
      "transitions": [
        {
          "_id": "4d2dcedb-60a9-4cd5-982a-88bae480a9fd-2b0fd054-cdd6-44a6-bf6d-e5c76948ff23",
          "name": "If Self Loop",
          "rules": [
            {
              "type": "string",
              "operator": "equal",
              "path": "$agent.selfLoopMiniAgent",
              "value": "true"
            }
          ],
          "nextTask": "2b0fd054-cdd6-44a6-bf6d-e5c76948ff23"
        }
      ],
      "type": "Display",
      "config": {
        "name": "Display",
        "description": "Display the response to the user",
        "type": "text",
        "text": "$input.content"
      }
    }
  ],
  "type": "Conversational",
  "version": "latest"
}