{
  "_id": "8560d981-96f4-473e-9cc5-df19fb5955ca",
  "aiPersonaId": "47c17da7-e679-40da-b6ab-7552152bb460",
  "integrationId": "ma-risk-assessment-2886-primary-workflow-for-risk-assessment",
  "isMiniAgentPrimaryWorkflow": true,
  "name": "Primary Workflow for Risk Assessment",
  "publisherAccountId": "4e10701a-7dbc-4ecc-ab7d-f2476beae42f",
  "startTaskId": "b5310a79-57bf-4d99-b736-31df49cb4d13",
  "status": "Active",
  "tasks": [
    {
      "_id": "b5310a79-57bf-4d99-b736-31df49cb4d13",
      "type": "PassThrough",
      "config": {
        "name": "Pass Through",
        "description": "Pass through the input to the output"
      },
      "transitions": [
        {
          "_id": "0100e77b-53e6-4b30-b487-a7cce321e7f4-b5310a79-57bf-4d99-b736-31df49cb4d13",
          "nextTask": "0100e77b-53e6-4b30-b487-a7cce321e7f4",
          "name": "If query doesnt exists",
          "rules": [
            {
              "type": "any",
              "operator": "notExists",
              "path": "$output.query"
            }
          ]
        },
        {
          "_id": "007bad1f-1ff8-44ab-8a8a-5ae5b7562257-b5310a79-57bf-4d99-b736-31df49cb4d13",
          "nextTask": "007bad1f-1ff8-44ab-8a8a-5ae5b7562257",
          "name": "If intents are already classified",
          "rules": [
            {
              "type": "any",
              "operator": "exists",
              "path": "$output.intents"
            },
            {
              "type": "any",
              "operator": "exists",
              "path": "$output.query"
            }
          ]
        },
        {
          "_id": "b5310a79-57bf-4d99-b736-31df49cb4d13-ad7d10c4-4161-4450-8ab9-c0e6245d1431",
          "name": "If query exists",
          "nextTask": "ad7d10c4-4161-4450-8ab9-c0e6245d1431",
          "rules": [
            {
              "type": "any",
              "operator": "exists",
              "path": "$output.query"
            },
            {
              "type": "any",
              "operator": "notExists",
              "path": "$output.intents"
            }
          ]
        }
      ],
      "globalVariables": [
        {
          "name": "query",
          "referencePath": "$input.query"
        },
        {
          "name": "rawQuery",
          "referencePath": "$input.rawQuery"
        },
        {
          "name": "conversationId",
          "referencePath": "$input.conversationId"
        }
      ]
    },
    {
      "_id": "0100e77b-53e6-4b30-b487-a7cce321e7f4",
      "type": "Input",
      "config": {
        "name": "User Input",
        "description": "Get user input",
        "type": "string"
      },
      "transitions": [
        {
          "_id": "0100e77b-53e6-4b30-b487-a7cce321e7f4-ad7d10c4-4161-4450-8ab9-c0e6245d1431",
          "name": "Default",
          "nextTask": "ad7d10c4-4161-4450-8ab9-c0e6245d1431"
        }
      ],
      "globalVariables": [
        {
          "name": "query",
          "referencePath": "$output.userInput"
        },
        {
          "name": "rawQuery",
          "referencePath": "$output.userInput"
        },
        {
          "name": "selfLoopMiniAgent",
          "referencePath": "true"
        }
      ]
    },
    {
      "_id": "ad7d10c4-4161-4450-8ab9-c0e6245d1431",
      "type": "Loader",
      "config": {
        "name": "Loader",
        "description": "Display loader message",
        "type": "loader",
        "text": "Just a moment... identifying the best approach to assist you."
      },
      "transitions": [
        {
          "_id": "ad7d10c4-4161-4450-8ab9-c0e6245d1431-d4b5b250-3325-44cb-8374-2569981b82b0",
          "name": "Default",
          "nextTask": "d4b5b250-3325-44cb-8374-2569981b82b0"
        }
      ]
    },
    {
      "_id": "d4b5b250-3325-44cb-8374-2569981b82b0",
      "type": "IntentClassification",
      "config": {
        "name": "Intent Classification",
        "description": "Classify the intent of the user message",
        "modelId": "4cf651d9-edf3-455f-a22e-53cc67fcc07b",
        "intents": [
          {
            "name": "Evaluate Financial Risk",
            "description": "Assesses the financial risks involved with current or proposed debt-equity structures, including interest rate risk and credit risk.",
            "examples": [
              "What are the risks of increasing our debt levels?",
              "How does our current debt structure affect our financial stability?",
              "Can you assess the credit risk of our current loans?"
            ]
          },
          {
            "name": "Scenario Analysis",
            "description": "Conducts scenario analysis to predict the impact of different debt-equity strategies on the company's financial health.",
            "examples": [
              "What happens if we increase our equity by 10%?",
              "How would a change in interest rates affect our debt strategy?",
              "Can you simulate the impact of reducing our debt by half?"
            ]
          }
        ],
        "query": "$agent.query"
      },
      "transitions": [
        {
          "_id": "d4b5b250-3325-44cb-8374-2569981b82b0-007bad1f-1ff8-44ab-8a8a-5ae5b7562257",
          "name": "If Intent is Matched",
          "rules": [
            {
              "type": "string",
              "operator": "equal",
              "path": "$output.intentMatched",
              "value": "true"
            }
          ],
          "nextTask": "007bad1f-1ff8-44ab-8a8a-5ae5b7562257"
        },
        {
          "_id": "d4b5b250-3325-44cb-8374-2569981b82b0-4bb261df-60f0-4a7f-9556-46f7484ab40d",
          "name": "If No Intent is Matched",
          "rules": [
            {
              "type": "string",
              "operator": "equal",
              "path": "$output.intentMatched",
              "value": "false"
            }
          ],
          "nextTask": "4bb261df-60f0-4a7f-9556-46f7484ab40d"
        }
      ]
    },
    {
      "_id": "007bad1f-1ff8-44ab-8a8a-5ae5b7562257",
      "type": "JSFunction",
      "config": {
        "name": "JS Function",
        "description": "Execute JS function",
        "code": "\nconst main = () => {\n    const currentExecutionId = _id;\n    const intents = agent?.icIntents?.[currentExecutionId] || input.intents;\n    const currentIndex = agent?.icLoopIndexes?.[currentExecutionId] || 0;\n    const currentIntent = intents[currentIndex] || {};\n    const { intent, task } = currentIntent;\n    const state = currentIndex === intents.length ? 'end' : 'continue'\n    const icLoopIndexes = { ...(agent?.icLoopIndexes || {}), [_id]: state === 'end' ? undefined : currentIndex + 1 };\n    const icIntents = { ...(agent?.icIntents || {}), [_id]: state === 'end' ? undefined : intents };\n    return { ...input, intent, state: currentIndex === intents.length ? 'end' : 'continue', icLoopIndexes, icIntents, query: task };\n};\n\nmain()\n"
      },
      "globalVariables": [
        {
          "referencePath": "$output.icLoopIndexes",
          "name": "icLoopIndexes"
        },
        {
          "referencePath": "$output.icIntents",
          "name": "icIntents"
        }
      ],
      "transitions": [
        {
          "_id": "007bad1f-1ff8-44ab-8a8a-5ae5b7562257-eb4fea69-d8ac-4612-90a8-ea3f5b5e5da1",
          "name": "If Intent is Matched",
          "rules": [
            {
              "type": "string",
              "operator": "equal",
              "path": "$output.intent",
              "value": "Evaluate Financial Risk"
            }
          ],
          "nextTask": "eb4fea69-d8ac-4612-90a8-ea3f5b5e5da1"
        },
        {
          "_id": "007bad1f-1ff8-44ab-8a8a-5ae5b7562257-debbfc8e-7f97-47b3-b90d-7edc7d9d7029",
          "name": "If Intent is Matched",
          "rules": [
            {
              "type": "string",
              "operator": "equal",
              "path": "$output.intent",
              "value": "Scenario Analysis"
            }
          ],
          "nextTask": "debbfc8e-7f97-47b3-b90d-7edc7d9d7029"
        },
        {
          "_id": "007bad1f-1ff8-44ab-8a8a-5ae5b7562257-0100e77b-53e6-4b30-b487-a7cce321e7f4",
          "name": "If Self Loop",
          "rules": [
            {
              "type": "string",
              "operator": "equal",
              "path": "$agent.selfLoopMiniAgent",
              "value": "true"
            },
            {
              "type": "string",
              "operator": "equal",
              "path": "$output.state",
              "value": "end"
            }
          ],
          "nextTask": "0100e77b-53e6-4b30-b487-a7cce321e7f4"
        }
      ]
    },
    {
      "_id": "eb4fea69-d8ac-4612-90a8-ea3f5b5e5da1",
      "type": "Workflow",
      "config": {
        "name": "Intent - Evaluate Financial Risk",
        "description": "Workflow for intent - Evaluate Financial Risk",
        "workflowId": "ca6c0116-675c-4913-8622-7a35adcfb5e6"
      },
      "transitions": [
        {
          "_id": "eb4fea69-d8ac-4612-90a8-ea3f5b5e5da1-007bad1f-1ff8-44ab-8a8a-5ae5b7562257",
          "name": "Mini agent execution completed",
          "nextTask": "007bad1f-1ff8-44ab-8a8a-5ae5b7562257"
        }
      ]
    },
    {
      "_id": "debbfc8e-7f97-47b3-b90d-7edc7d9d7029",
      "type": "Workflow",
      "config": {
        "name": "Intent - Scenario Analysis",
        "description": "Workflow for intent - Scenario Analysis",
        "workflowId": "55da93bf-5696-4772-9fdf-14efd180e1fd"
      },
      "transitions": [
        {
          "_id": "debbfc8e-7f97-47b3-b90d-7edc7d9d7029-007bad1f-1ff8-44ab-8a8a-5ae5b7562257",
          "name": "Mini agent execution completed",
          "nextTask": "007bad1f-1ff8-44ab-8a8a-5ae5b7562257"
        }
      ]
    },
    {
      "_id": "4bb261df-60f0-4a7f-9556-46f7484ab40d",
      "transitions": [
        {
          "_id": "4bb261df-60f0-4a7f-9556-46f7484ab40d-0100e77b-53e6-4b30-b487-a7cce321e7f4",
          "name": "If Self Loop",
          "rules": [
            {
              "type": "string",
              "operator": "equal",
              "path": "$agent.selfLoopMiniAgent",
              "value": "true"
            }
          ],
          "nextTask": "0100e77b-53e6-4b30-b487-a7cce321e7f4"
        }
      ],
      "type": "Output",
      "config": {
        "name": "Output",
        "description": "Output the response to the user",
        "type": "external",
        "text": "Unable to complete task $agent.query"
      }
    },
    {
      "_id": "87a384c5-01d6-495f-a620-808869c6193c",
      "transitions": [
        {
          "_id": "87a384c5-01d6-495f-a620-808869c6193c-0100e77b-53e6-4b30-b487-a7cce321e7f4",
          "name": "If Self Loop",
          "rules": [
            {
              "type": "string",
              "operator": "equal",
              "path": "$agent.selfLoopMiniAgent",
              "value": "true"
            }
          ],
          "nextTask": "0100e77b-53e6-4b30-b487-a7cce321e7f4"
        }
      ],
      "type": "Display",
      "config": {
        "name": "Display",
        "description": "Display the response to the user",
        "type": "text",
        "text": "$input.content"
      }
    }
  ],
  "type": "Conversational",
  "version": "latest"
}