{
  "_id": "b99f82a8-913e-46c5-8b69-d6be38ab7534",
  "aiPersonaId": "47c17da7-e679-40da-b6ab-7552152bb460",
  "integrationId": "ma-strategy-recommendations-5317-primary-workflow-for-strategy-recommendations",
  "isMiniAgentPrimaryWorkflow": true,
  "name": "Primary Workflow for Strategy Recommendations",
  "publisherAccountId": "4e10701a-7dbc-4ecc-ab7d-f2476beae42f",
  "startTaskId": "44fe04c9-4592-48ef-8c02-b64a4c42c97d",
  "status": "Active",
  "tasks": [
    {
      "_id": "44fe04c9-4592-48ef-8c02-b64a4c42c97d",
      "type": "PassThrough",
      "config": {
        "name": "Pass Through",
        "description": "Pass through the input to the output"
      },
      "transitions": [
        {
          "_id": "95c91885-cbc3-489c-991c-5e8a9ca3126f-44fe04c9-4592-48ef-8c02-b64a4c42c97d",
          "nextTask": "95c91885-cbc3-489c-991c-5e8a9ca3126f",
          "name": "If query doesnt exists",
          "rules": [
            {
              "type": "any",
              "operator": "notExists",
              "path": "$output.query"
            }
          ]
        },
        {
          "_id": "3eed00ef-fd71-4b2b-b372-82feb31fa902-44fe04c9-4592-48ef-8c02-b64a4c42c97d",
          "nextTask": "3eed00ef-fd71-4b2b-b372-82feb31fa902",
          "name": "If intents are already classified",
          "rules": [
            {
              "type": "any",
              "operator": "exists",
              "path": "$output.intents"
            },
            {
              "type": "any",
              "operator": "exists",
              "path": "$output.query"
            }
          ]
        },
        {
          "_id": "44fe04c9-4592-48ef-8c02-b64a4c42c97d-bb33ac56-c954-4c25-914b-e69b2585230a",
          "name": "If query exists",
          "nextTask": "bb33ac56-c954-4c25-914b-e69b2585230a",
          "rules": [
            {
              "type": "any",
              "operator": "exists",
              "path": "$output.query"
            },
            {
              "type": "any",
              "operator": "notExists",
              "path": "$output.intents"
            }
          ]
        }
      ],
      "globalVariables": [
        {
          "name": "query",
          "referencePath": "$input.query"
        },
        {
          "name": "rawQuery",
          "referencePath": "$input.rawQuery"
        },
        {
          "name": "conversationId",
          "referencePath": "$input.conversationId"
        }
      ]
    },
    {
      "_id": "95c91885-cbc3-489c-991c-5e8a9ca3126f",
      "type": "Input",
      "config": {
        "name": "User Input",
        "description": "Get user input",
        "type": "string"
      },
      "transitions": [
        {
          "_id": "95c91885-cbc3-489c-991c-5e8a9ca3126f-bb33ac56-c954-4c25-914b-e69b2585230a",
          "name": "Default",
          "nextTask": "bb33ac56-c954-4c25-914b-e69b2585230a"
        }
      ],
      "globalVariables": [
        {
          "name": "query",
          "referencePath": "$output.userInput"
        },
        {
          "name": "rawQuery",
          "referencePath": "$output.userInput"
        },
        {
          "name": "selfLoopMiniAgent",
          "referencePath": "true"
        }
      ]
    },
    {
      "_id": "bb33ac56-c954-4c25-914b-e69b2585230a",
      "type": "Loader",
      "config": {
        "name": "Loader",
        "description": "Display loader message",
        "type": "loader",
        "text": "Just a moment... identifying the best approach to assist you."
      },
      "transitions": [
        {
          "_id": "bb33ac56-c954-4c25-914b-e69b2585230a-1fe32901-b54c-4086-b536-dfb2af036a68",
          "name": "Default",
          "nextTask": "1fe32901-b54c-4086-b536-dfb2af036a68"
        }
      ]
    },
    {
      "_id": "1fe32901-b54c-4086-b536-dfb2af036a68",
      "type": "IntentClassification",
      "config": {
        "name": "Intent Classification",
        "description": "Classify the intent of the user message",
        "modelId": "4cf651d9-edf3-455f-a22e-53cc67fcc07b",
        "intents": [
          {
            "name": "Optimize Debt-Equity Ratio",
            "description": "Provides recommendations on how to adjust the debt-equity ratio to optimize financial performance and meet strategic objectives.",
            "examples": [
              "How can we optimize our debt-equity ratio?",
              "What strategies can we use to improve our financial leverage?",
              "Can you suggest ways to balance our debt and equity?"
            ]
          },
          {
            "name": "Capital Structure Planning",
            "description": "Advises on planning the capital structure to align with long-term business goals and market conditions.",
            "examples": [
              "What is the best capital structure for our growth plans?",
              "How should we adjust our capital structure in response to market changes?",
              "Can you help us plan our capital structure for the next fiscal year?"
            ]
          }
        ],
        "query": "$agent.query"
      },
      "transitions": [
        {
          "_id": "1fe32901-b54c-4086-b536-dfb2af036a68-3eed00ef-fd71-4b2b-b372-82feb31fa902",
          "name": "If Intent is Matched",
          "rules": [
            {
              "type": "string",
              "operator": "equal",
              "path": "$output.intentMatched",
              "value": "true"
            }
          ],
          "nextTask": "3eed00ef-fd71-4b2b-b372-82feb31fa902"
        },
        {
          "_id": "1fe32901-b54c-4086-b536-dfb2af036a68-4d075819-5b12-49ff-bb5e-1c1c00ad86de",
          "name": "If No Intent is Matched",
          "rules": [
            {
              "type": "string",
              "operator": "equal",
              "path": "$output.intentMatched",
              "value": "false"
            }
          ],
          "nextTask": "4d075819-5b12-49ff-bb5e-1c1c00ad86de"
        }
      ]
    },
    {
      "_id": "3eed00ef-fd71-4b2b-b372-82feb31fa902",
      "type": "JSFunction",
      "config": {
        "name": "JS Function",
        "description": "Execute JS function",
        "code": "\nconst main = () => {\n    const currentExecutionId = _id;\n    const intents = agent?.icIntents?.[currentExecutionId] || input.intents;\n    const currentIndex = agent?.icLoopIndexes?.[currentExecutionId] || 0;\n    const currentIntent = intents[currentIndex] || {};\n    const { intent, task } = currentIntent;\n    const state = currentIndex === intents.length ? 'end' : 'continue'\n    const icLoopIndexes = { ...(agent?.icLoopIndexes || {}), [_id]: state === 'end' ? undefined : currentIndex + 1 };\n    const icIntents = { ...(agent?.icIntents || {}), [_id]: state === 'end' ? undefined : intents };\n    return { ...input, intent, state: currentIndex === intents.length ? 'end' : 'continue', icLoopIndexes, icIntents, query: task };\n};\n\nmain()\n"
      },
      "globalVariables": [
        {
          "referencePath": "$output.icLoopIndexes",
          "name": "icLoopIndexes"
        },
        {
          "referencePath": "$output.icIntents",
          "name": "icIntents"
        }
      ],
      "transitions": [
        {
          "_id": "3eed00ef-fd71-4b2b-b372-82feb31fa902-ccd10ec0-5524-46fa-a347-fe805ba11a06",
          "name": "If Intent is Matched",
          "rules": [
            {
              "type": "string",
              "operator": "equal",
              "path": "$output.intent",
              "value": "Optimize Debt-Equity Ratio"
            }
          ],
          "nextTask": "ccd10ec0-5524-46fa-a347-fe805ba11a06"
        },
        {
          "_id": "3eed00ef-fd71-4b2b-b372-82feb31fa902-cecce41a-fc4e-4336-9be3-8de95dbcad18",
          "name": "If Intent is Matched",
          "rules": [
            {
              "type": "string",
              "operator": "equal",
              "path": "$output.intent",
              "value": "Capital Structure Planning"
            }
          ],
          "nextTask": "cecce41a-fc4e-4336-9be3-8de95dbcad18"
        },
        {
          "_id": "3eed00ef-fd71-4b2b-b372-82feb31fa902-95c91885-cbc3-489c-991c-5e8a9ca3126f",
          "name": "If Self Loop",
          "rules": [
            {
              "type": "string",
              "operator": "equal",
              "path": "$agent.selfLoopMiniAgent",
              "value": "true"
            },
            {
              "type": "string",
              "operator": "equal",
              "path": "$output.state",
              "value": "end"
            }
          ],
          "nextTask": "95c91885-cbc3-489c-991c-5e8a9ca3126f"
        }
      ]
    },
    {
      "_id": "ccd10ec0-5524-46fa-a347-fe805ba11a06",
      "type": "Workflow",
      "config": {
        "name": "Intent - Optimize Debt-Equity Ratio",
        "description": "Workflow for intent - Optimize Debt-Equity Ratio",
        "workflowId": "9e08788a-c89d-46a7-a5f9-b9025531e6e3"
      },
      "transitions": [
        {
          "_id": "ccd10ec0-5524-46fa-a347-fe805ba11a06-3eed00ef-fd71-4b2b-b372-82feb31fa902",
          "name": "Mini agent execution completed",
          "nextTask": "3eed00ef-fd71-4b2b-b372-82feb31fa902"
        }
      ]
    },
    {
      "_id": "cecce41a-fc4e-4336-9be3-8de95dbcad18",
      "type": "Workflow",
      "config": {
        "name": "Intent - Capital Structure Planning",
        "description": "Workflow for intent - Capital Structure Planning",
        "workflowId": "651b22ce-b564-4da8-be58-7bfbabd2a816"
      },
      "transitions": [
        {
          "_id": "cecce41a-fc4e-4336-9be3-8de95dbcad18-3eed00ef-fd71-4b2b-b372-82feb31fa902",
          "name": "Mini agent execution completed",
          "nextTask": "3eed00ef-fd71-4b2b-b372-82feb31fa902"
        }
      ]
    },
    {
      "_id": "4d075819-5b12-49ff-bb5e-1c1c00ad86de",
      "transitions": [
        {
          "_id": "4d075819-5b12-49ff-bb5e-1c1c00ad86de-95c91885-cbc3-489c-991c-5e8a9ca3126f",
          "name": "If Self Loop",
          "rules": [
            {
              "type": "string",
              "operator": "equal",
              "path": "$agent.selfLoopMiniAgent",
              "value": "true"
            }
          ],
          "nextTask": "95c91885-cbc3-489c-991c-5e8a9ca3126f"
        }
      ],
      "type": "Output",
      "config": {
        "name": "Output",
        "description": "Output the response to the user",
        "type": "external",
        "text": "Unable to complete task $agent.query"
      }
    },
    {
      "_id": "f8785e72-d158-4004-8669-ebbb99a867d2",
      "transitions": [
        {
          "_id": "f8785e72-d158-4004-8669-ebbb99a867d2-95c91885-cbc3-489c-991c-5e8a9ca3126f",
          "name": "If Self Loop",
          "rules": [
            {
              "type": "string",
              "operator": "equal",
              "path": "$agent.selfLoopMiniAgent",
              "value": "true"
            }
          ],
          "nextTask": "95c91885-cbc3-489c-991c-5e8a9ca3126f"
        }
      ],
      "type": "Display",
      "config": {
        "name": "Display",
        "description": "Display the response to the user",
        "type": "text",
        "text": "$input.content"
      }
    }
  ],
  "type": "Conversational",
  "version": "latest"
}