{
  "_id": "9e08788a-c89d-46a7-a5f9-b9025531e6e3",
  "aiPersonaId": "47c17da7-e679-40da-b6ab-7552152bb460",
  "integrationId": "optimize-debt-equity-ratio-5606",
  "name": "Workflow for Optimize Debt-Equity Ratio",
  "publisherAccountId": "4e10701a-7dbc-4ecc-ab7d-f2476beae42f",
  "startTaskId": "1743145235944",
  "status": "Active",
  "tasks": [
    {
      "_id": "791a8c50-ecb5-46cb-9b41-bbc21921a29c",
      "type": "Display",
      "config": {
        "description": "Display the response to the user",
        "name": "Display",
        "type": "text",
        "text": "<p><span class=\"text-inherit p-0 m-0 text-primary-dark bg-primary-light/80\" data-type=\"mention\" data-id=\"input.content\">$input.content</span> </p>",
        "formatVariables": [],
        "rawText": "$input.content"
      },
      "transitions": []
    },
    {
      "_id": "1743145235944",
      "type": "CollectionRead",
      "config": {
        "name": "Table Read",
        "description": "Read data from table",
        "collectionConfigId": "9c0d2295-dedb-4990-97e6-9776ff88149f",
        "filters": "",
        "projections": ""
      },
      "transitions": [
        {
          "name": "Default",
          "_id": "1743145235944-1743145434455",
          "nextTask": "1743145434455"
        }
      ],
      "globalVariables": [
        {
          "name": "balancesheet",
          "referencePath": "$output.data"
        }
      ]
    },
    {
      "_id": "1743145434455",
      "type": "CollectionRead",
      "config": {
        "name": "Table Read (1)",
        "description": "Read data from table",
        "collectionConfigId": "d88a6ccf-4b82-49bb-93c5-11f3f3207ef2",
        "filters": "",
        "projections": ""
      },
      "transitions": [
        {
          "name": "Default",
          "_id": "1743145434455-1743145481831",
          "nextTask": "1743145481831"
        }
      ],
      "globalVariables": [
        {
          "name": "debtequityratio",
          "referencePath": "$output.data"
        }
      ]
    },
    {
      "_id": "1743145481831",
      "type": "Prompt",
      "config": {
        "name": "Prompt",
        "description": "Prompt for LLM",
        "modelId": "09c3dc0d-4409-4229-b1ff-99b34a3e2e64",
        "base64DocumentData": "",
        "documentIds": "",
        "responseFormat": "text",
        "query": "give debt equity optimization of balance sheet : $agent.balancesheet and debt equity ratio : $agent.debtequityratio",
        "systemPrompt": "You are an financial expert that takes alance sheet and debt equity ratio as input and gives debt equity optimization",
        "temperature": null
      },
      "transitions": [
        {
          "name": "Default",
          "_id": "1743145481831-791a8c50-ecb5-46cb-9b41-bbc21921a29c",
          "nextTask": "791a8c50-ecb5-46cb-9b41-bbc21921a29c"
        }
      ]
    }
  ],
  "type": "Conversational",
  "version": "latest",
  "reactflow": {
    "viewport": {
      "x": 0,
      "y": 0,
      "zoom": 1
    },
    "nodes": [
      {
        "id": "0",
        "type": "Start",
        "position": {
          "x": 384,
          "y": 352
        },
        "data": {},
        "deletable": false,
        "measured": {
          "width": 320,
          "height": 177
        },
        "selected": false,
        "dragging": false
      },
      {
        "position": {
          "x": 1009,
          "y": 402
        },
        "type": "Display",
        "id": "791a8c50-ecb5-46cb-9b41-bbc21921a29c",
        "data": {},
        "measured": {
          "width": 299,
          "height": 79
        },
        "selected": false,
        "dragging": false
      },
      {
        "id": "1743145235944",
        "type": "CollectionRead",
        "position": {
          "x": 900,
          "y": 255
        },
        "data": {},
        "measured": {
          "width": 260,
          "height": 79
        },
        "selected": false
      },
      {
        "id": "1743145434455",
        "type": "CollectionRead",
        "position": {
          "x": 1300,
          "y": 255
        },
        "data": {},
        "selected": false,
        "measured": {
          "width": 260,
          "height": 79
        }
      },
      {
        "id": "1743145481831",
        "type": "Prompt",
        "position": {
          "x": 1700,
          "y": 255
        },
        "data": {},
        "selected": false,
        "measured": {
          "width": 260,
          "height": 79
        }
      }
    ],
    "edges": [
      {
        "id": "0-1743145235944",
        "source": "0",
        "target": "1743145235944",
        "type": "Start",
        "markerEnd": {
          "type": "arrowclosed",
          "width": 22,
          "height": 22
        },
        "sourceHandle": "0-source-1",
        "targetHandle": "1743145235944-target-1",
        "selected": false
      },
      {
        "id": "1743145235944-1743145434455",
        "source": "1743145235944",
        "target": "1743145434455",
        "selected": false,
        "type": "Transition"
      },
      {
        "id": "1743145434455-1743145481831",
        "source": "1743145434455",
        "target": "1743145481831",
        "selected": false,
        "type": "Transition"
      },
      {
        "id": "1743145481831-791a8c50-ecb5-46cb-9b41-bbc21921a29c",
        "source": "1743145481831",
        "target": "791a8c50-ecb5-46cb-9b41-bbc21921a29c",
        "type": "Transition",
        "markerEnd": {
          "type": "arrowclosed",
          "width": 22,
          "height": 22
        },
        "sourceHandle": "1743145481831-source-1",
        "targetHandle": "791a8c50-ecb5-46cb-9b41-bbc21921a29c-target-2",
        "selected": false
      }
    ]
  }
}