{
  "_id": "55da93bf-5696-4772-9fdf-14efd180e1fd",
  "aiPersonaId": "47c17da7-e679-40da-b6ab-7552152bb460",
  "integrationId": "scenario-analysis-3044",
  "name": "Workflow for Scenario Analysis",
  "publisherAccountId": "4e10701a-7dbc-4ecc-ab7d-f2476beae42f",
  "startTaskId": "8b16fcae-476d-4b9a-bd88-c7704129fd8b",
  "status": "Active",
  "tasks": [
    {
      "_id": "8b16fcae-476d-4b9a-bd88-c7704129fd8b",
      "transitions": [],
      "type": "Display",
      "config": {
        "name": "Display",
        "description": "Display the response to the user",
        "type": "text",
        "text": "Hi there! Intent $input.intent has been matched"
      }
    }
  ],
  "type": "Conversational",
  "version": "latest"
}